Name,Branch,Link,Lon,Lat
IACG MULTIMEDIA COLLEGE(MBA),MBA,http://www.iacg.co.in/,78.53995781,17.37021331
Dhruva College of Management(MBA),MBA,http://dhruva.ac.in/,78.49051933,17.63477504
Vishwa Vishwani Institute of Systems & Management Office(MCA),MCA,http://www.vishwavishwani.ac.in/,78.479533,17.44621597
Institute of Management Technology Hyderabad(MCA),MCA,https://www.imthyderabad.edu.in/,78.36005668,17.24303497
Academy of Law Studies(LAW),LAW,http://www.useams.org/,78.36280326,17.24696964
Siva Sivani Institute of Technology(MCA),MCA,https://www.ssim.ac.in/,78.47541313,17.56277911
Vignana Jyothi Institute Of Management(MBA),MBA,http://www.vjim.edu.in/,78.37516288,17.5706346
ICBM School Of Business Excellence and Computer Technology(MCA),MSC,http://www.icbm.ac.in/,78.41773491,17.38856167
Institute of Medicine college(PHARMACY),PHARMACY,http://www.ipeindia.org/,78.53446465,17.63215751
The University College of Enginnering(ENGG),ENGINNERING,http://www.osmania.ac.in/uccbm.htm,78.51523857,17.44359571
Aradhana School of Business Management MBA College(MBA),MBA,http://www.asbm.in/,78.39713554,17.36103844
Aurora's PG College(GOVT),GOVT COLLEGE,http://www.apgcr.edu.in/,78.52485161,17.42525287
Hyderabad School of Application(MCA),MCA,http://www.hsbindia.in/,78.43696098,17.4318041
"Vishwa Vishwani School, Hyderabad(MODEL)",MODEL SCHOOL,http://www.vishwavishwani.ac.in/,78.56330376,17.60074417
Wesley PG College(B.ED),B.ED,http://wesleypgcollege.ac.in/staging/,78.4809063,17.47896597
Aurora's Post Graduate College(B.ED),B.ED,http://www.apgcm.edu.in/,78.51661186,17.39380372
JNTU UGC Human Resources and medicines(PHARMACY),PHARMACY,http://jntuhsms.com/,78.39850883,17.5182582
National Institute of Medicals(PHARMACY),PHARMACY,http://nithm.ac.in/,78.36280326,17.45931668
Aurora'sEnginnering School Hyderabad(ENGG),ENGINNERING,http://www.absi.edu.in/,78.45893364,17.44752608
"SPR School of Excellence, Jangaon(PRIMARY SCHOOL)",PRIMARY SCHOOL,https://spr-school.business.site/,79.17440846,17.71370203
"Pakeer Laxmi, Jangaon(GOVT COLLEGE)",GOVERNMENT SCHOOL,https://pakeer-laxmi.site/,79.1794579,17.72409395
Orchids The International School - Kapra (PRIMARY SCHOOL),PRIMARY SCHOOL,https://www.orchidsinternationalschool.com/hyderabad-branches/kapra/,78.57388333,17.50015393
Government School of Hyderabad(GOVT SCHOOL),GOVERNMENT SCHOOL,http://www.ishyd.org/,78.2779391,17.52176319
PAGE Junior College Banjarahills (JR COLLEGE),JR COLLEGE,https://pageacademy.com/,78.43380707,17.43717831
St.Joseph's Junior College (AC Campus)(JR COLLEGE),JR COLLEGE,https://st-josephs.in/,78.48393219,17.40966239
Government City College(GOVT COLLEGE),GOVT COLLEGE,https://Govt-City-College.in/,78.46951207,17.38269986
New Government Junior College and Degree College(GOVT COLLEGE),GOVT COLLEGE,https://NewGovt-Jr-College.in/,78.41801365,17.49406465
"Government Degree College, Khairatabad(GOVT COLLEGE)",GOVT COLLEGE,https://gdckhairatabad.ac.in/,78.45303258,17.42397827
Jubilee Hills Public School(PRIMARY SCHOOL),PRIMARY SCHOOL,http://jhpublicschool.com/,78.40634011,17.43108691
